Chr02	0	4	DEDE
Chr02	4	8	DEDE
Chr02	8	12	DEDE
Chr02	12	16	DEDE
Chr02	16	20	DEDE
Chr02	20	24	DEDE
Chr02	24	28	DEDE
Chr02	28	32	DEDE
Chr02	32	36	DEDE
Chr02	36	40	DEDE
Chr02	40	44	DEDE
Chr02	44	48	DEDE
Chr02	48	52	DEDE
Chr02	52	56	DEDE
Chr02	56	60	DEDE
Chr02	60	64	DEDE
Chr02	64	68	DEDE
Chr02	68	72	DEDE
Chr02	72	76	DEDE
Chr02	76	80	DEDE
Chr02	80	84	DEDE
Chr02	84	88	DEDE
Chr02	88	92	DEDE
Chr02	92	94	DE
Chr02	94	98	EDED
Chr02	98	102	EDED
Chr02	102	106	EDED
Chr02	106	110	EDED
Chr02	110	114	EDED
Chr02	114	118	EDED
Chr02	118	122	EDED
Chr02	122	126	EDED
Chr02	126	130	EDED
Chr02	130	134	EDED
Chr02	134	138	EDED
Chr02	138	142	EDED
Chr02	142	146	EDED
Chr02	146	150	EDED
Chr02	150	154	EDED
Chr02	154	158	EDED
Chr02	158	162	EDED
Chr02	162	166	EDED
Chr02	166	170	EDED
Chr02	170	174	EDED
Chr02	174	178	EDED
Chr02	178	182	EDED
Chr02	182	186	EDED
Chr02	186	190	EDED
Chr02	190	194	EDED
Chr02	194	198	EDED
Chr02	198	202	EDED
Chr02	202	206	EDED
Chr02	206	210	EDED
Chr02	210	214	EDED
Chr02	214	218	EDED
Chr02	218	222	EDED
Chr02	222	226	EDED
Chr02	226	230	EDED
Chr02	230	234	EDED
Chr02	234	238	EDED
Chr02	238	242	EDED
Chr02	242	246	EDED
Chr02	246	250	EDED
Chr02	250	254	EDED
Chr02	254	258	EDED
Chr02	258	262	EDED
Chr02	262	266	EDED
Chr02	266	270	EDED
Chr02	270	274	EDED
Chr02	274	278	EDED
Chr02	278	282	EDED
Chr02	282	286	EDED
Chr02	286	290	EDED
Chr02	290	294	EDED
Chr02	294	298	EDED
Chr02	298	302	EDED
Chr02	302	306	EDED
Chr02	306	310	EDED
Chr02	310	314	EDED
Chr02	314	318	EDED
Chr02	318	322	EDED
Chr02	322	326	EDED
Chr02	326	330	EDED
Chr02	330	334	EDED
Chr02	334	338	EDED
Chr02	338	342	EDED
Chr02	342	346	EDED
Chr02	346	350	EDED
Chr02	350	354	EDED
Chr02	354	358	EDED
Chr02	358	362	EDED
Chr02	362	366	EDED
Chr02	366	370	EDED
Chr02	370	374	EDED
Chr02	374	378	EDED
Chr02	378	382	EDED
Chr02	382	386	EDED
Chr02	386	390	EDED
Chr02	390	394	EDED
Chr02	394	398	EDED
Chr02	398	402	EDED
Chr02	402	406	EDED
Chr02	406	410	EDED
Chr02	410	414	EDED
Chr02	414	418	EDED
Chr02	418	422	EDED
Chr02	422	426	EDED
Chr02	426	430	EDED
Chr02	430	434	EDED
Chr02	434	438	EDED
Chr02	438	442	EDED
Chr02	442	446	EDED
Chr02	446	450	EDED
Chr02	450	454	EDED
Chr02	454	458	EDED
Chr02	458	462	EDED
Chr02	462	466	EDED
Chr02	466	470	EDED
Chr02	470	474	EDED
Chr02	474	478	EDED
Chr02	478	482	EDED
Chr02	482	486	EDED
Chr02	486	490	EDED
Chr02	490	494	EDED
Chr02	494	498	EDED
Chr02	498	502	EDED
Chr02	502	506	EDED
Chr02	506	510	EDED
Chr02	510	514	EDED
Chr02	514	518	EDED
Chr02	518	522	EDED
Chr02	522	526	EDED
Chr02	526	530	EDED
Chr02	530	534	EDED
Chr02	534	538	EDED
Chr02	538	542	EDED
Chr02	542	546	EDED
Chr02	546	550	EDED
Chr02	550	554	EDED
Chr02	554	558	EDED
Chr02	558	562	EDED
Chr02	562	566	EDED
Chr02	566	570	EDED
Chr02	570	574	EDED
Chr02	574	578	EDED
Chr02	578	582	EDED
Chr02	582	586	EDED
Chr02	586	590	EDED
Chr02	590	594	EDED
Chr02	594	598	EDED
Chr02	598	602	EDED
Chr02	602	606	EDED
Chr02	606	610	EDED
Chr02	610	614	EDED
Chr02	614	618	EDED
Chr02	618	622	EDED
Chr02	622	626	EDED
Chr02	626	630	EDED
Chr02	630	634	EDED
Chr02	634	638	EDED
Chr02	638	642	EDED
Chr02	642	646	EDED
Chr02	646	650	EDED
Chr02	650	654	EDED
Chr02	654	658	EDED
Chr02	658	662	DEDE
Chr02	662	666	DEDE
Chr02	666	670	DEDE
Chr02	670	674	DEDE
Chr02	674	678	DEDE
Chr02	678	682	DEDE
Chr02	682	686	DEDE
Chr02	686	690	DEDE
Chr02	690	694	DEDE
Chr02	694	698	DEDE
Chr02	698	702	DEDE
Chr02	702	706	DEDE
Chr02	706	710	DEDE
Chr02	710	714	DEDE
Chr02	714	718	DEDE
Chr02	718	722	DEDE
Chr02	722	726	DEDE
Chr02	726	729	DFD
Chr02	729	733	EDED
Chr02	733	737	EDED
Chr02	737	741	EDED
Chr02	741	745	EDED
Chr02	745	749	EDED
Chr02	749	753	EDED
Chr02	753	757	EDED
Chr02	757	761	EDED
Chr02	761	765	EDED
Chr02	765	769	EDED
Chr02	769	773	EDED
Chr02	773	777	EDED
Chr02	777	781	EDED
Chr02	781	785	EDED
Chr02	785	789	EDED
Chr02	789	793	EDED
Chr02	793	797	EDED
Chr02	797	801	EDED
Chr02	801	805	EDED
Chr02	805	809	EDED
Chr02	809	813	EDED
Chr02	813	817	EDED
Chr02	817	821	EDED
Chr02	821	825	EDED
Chr02	825	829	EDED
Chr02	829	833	EDED
Chr02	833	837	EDED
Chr02	837	841	EDED
Chr02	841	845	EDED
Chr02	845	849	EDED
Chr02	849	853	EDED
Chr02	853	857	EDED
Chr02	857	861	EDED
Chr02	861	865	EDED
Chr02	865	869	EDED
Chr02	869	873	EDED
Chr02	873	877	EDED
Chr02	877	881	EDED
Chr02	881	885	EDED
Chr02	885	889	EDED
Chr02	889	893	EDED
Chr02	893	897	EDED
Chr02	897	901	EDED
Chr02	901	905	EDED
Chr02	905	909	EDED
Chr02	909	913	EDED
Chr02	913	917	EDED
Chr02	917	921	EDED
Chr02	921	925	EDED
Chr02	925	929	EDED
Chr02	929	933	EDED
Chr02	933	937	EDED
Chr02	937	941	EDED
Chr02	941	945	EDED
Chr02	945	949	EDED
Chr02	949	953	EDED
Chr02	953	957	EDED
Chr02	957	961	EDED
Chr02	961	965	EDED
Chr02	965	969	EDED
Chr02	969	973	EDED
Chr02	973	977	EDED
Chr02	977	981	EDED
Chr02	981	985	EDED
Chr02	985	989	EDED
Chr02	989	993	EDED
Chr02	993	997	EDED
Chr02	997	1001	EDED
Chr02	1001	1005	EDED
Chr02	1005	1009	EDED
Chr02	1009	1013	EDED
Chr02	1013	1017	EDED
Chr02	1017	1021	EDED
Chr02	1021	1025	EDED
Chr02	1025	1029	EDED
Chr02	1029	1032	EDE
Chr02	1032	1036	EDED
Chr02	1036	1040	EDED
Chr02	1040	1044	EDED
Chr02	1044	1048	EDED
Chr02	1048	1052	EDED
Chr02	1052	1056	EDED
Chr02	1056	1060	EDED
Chr02	1060	1064	EDED
Chr02	1064	1068	EDED
Chr02	1068	1072	EDED
Chr02	1072	1076	EDED
Chr02	1076	1080	EDED
Chr02	1080	1084	EDED
Chr02	1084	1088	EDED
Chr02	1088	1092	EDED
Chr02	1092	1096	EDED
Chr02	1096	1100	EDED
Chr02	1100	1104	EDED
Chr02	1104	1108	EDED
Chr02	1108	1112	EDED
Chr02	1112	1116	EDED
Chr02	1116	1120	EDED
Chr02	1120	1124	EDED
Chr02	1124	1128	EDED
Chr02	1128	1132	EDED
Chr02	1132	1136	EDED
Chr02	1136	1140	EDED
Chr02	1140	1144	EDED
Chr02	1144	1148	EDED
Chr02	1148	1152	EDED
Chr02	1152	1156	DEDE
Chr02	1156	1160	DEDE
Chr02	1160	1164	DEDE
Chr02	1164	1168	DEDE
Chr02	1168	1172	DEDE
Chr02	1172	1176	DEDE
Chr02	1176	1180	DEDE
Chr02	1180	1184	DEDE
Chr02	1184	1188	DEDE
Chr02	1188	1192	DEDE
Chr02	1192	1196	DEDE
Chr02	1196	1200	DEDE
Chr02	1200	1204	DEDE
Chr02	1204	1208	DEDE
Chr02	1208	1212	DEDE
Chr02	1212	1216	DEDE
Chr02	1216	1220	DEDE
Chr02	1220	1224	DEDE
Chr02	1224	1228	DEDE
Chr02	1228	1232	DEDE
Chr02	1232	1236	DEDE
Chr02	1236	1240	DEDE
Chr02	1240	1244	DEDE
Chr02	1244	1248	DEDE
Chr02	1248	1252	DEDE
Chr02	1252	1256	DEDE
Chr02	1256	1260	DEDE
Chr02	1260	1264	DEDE
Chr02	1264	1268	DEDE
Chr02	1268	1272	DEDE
Chr02	1272	1276	DEDE
Chr02	1276	1280	DEDE
Chr02	1280	1284	DEDE
Chr02	1284	1288	DEDE
Chr02	1288	1292	DEDE
Chr02	1292	1296	DEDE
Chr02	1296	1300	DEDE
Chr02	1300	1304	DEDE
Chr02	1304	1308	DEDE
Chr02	1308	1312	DEDE
Chr02	1312	1316	DEDE
Chr02	1316	1320	DEDE
Chr02	1320	1324	DEDE
Chr02	1324	1328	DEDE
Chr02	1328	1332	DEDE
Chr02	1332	1336	DEDE
Chr02	1336	1340	DEDE
Chr02	1340	1344	DEDE
Chr02	1344	1348	DEDE
Chr02	1348	1352	EDED
Chr02	1352	1356	EDED
Chr02	1356	1360	EDED
Chr02	1360	1364	EDED
Chr02	1364	1368	EDED
Chr02	1368	1372	EDED
Chr02	1372	1376	EDED
Chr02	1376	1380	EDED
Chr02	1380	1384	EDED
Chr02	1384	1388	EDED
Chr02	1388	1392	EDED
Chr02	1392	1396	EDED
Chr02	1396	1400	EDED
Chr02	1400	1404	EDED
Chr02	1404	1408	EDED
Chr02	1408	1412	EDED
Chr02	1412	1416	EDED
Chr02	1416	1420	EDED
Chr02	1420	1424	EDED
Chr02	1424	1428	EDED
Chr02	1428	1432	EDED
Chr02	1432	1436	EDED
Chr02	1436	1440	DEDE
Chr02	1440	1444	DEDE
Chr02	1444	1448	DEDE
Chr02	1448	1452	DEDE
Chr02	1452	1456	DEDE
Chr02	1456	1460	DEDE
Chr02	1460	1464	DEDE
Chr02	1464	1468	DEDE
Chr02	1468	1472	DEDE
Chr02	1472	1476	DEDE
Chr02	1476	1480	DEDE
Chr02	1480	1484	DEDE
Chr02	1484	1488	DEDE
Chr02	1488	1492	DEDE
Chr02	1492	1496	DEDE
Chr02	1496	1500	DEDE
Chr02	1500	1504	DEDE
Chr02	1504	1508	DEDE
Chr02	1508	1512	DEDE
Chr02	1512	1516	DEDE
Chr02	1516	1520	DEDE
Chr02	1520	1522	DE
Chr02	1522	1526	EDED
Chr02	1526	1530	EDED
Chr02	1530	1534	EDED
Chr02	1534	1538	EDED
Chr02	1538	1542	EDED
Chr02	1542	1546	EDED
Chr02	1546	1550	EDED
Chr02	1550	1554	EDED
Chr02	1554	1558	EDED
Chr02	1558	1562	EDED
Chr02	1562	1564	ED
Chr02	1564	1568	DEDE
Chr02	1568	1572	DEDE
Chr02	1572	1576	DEDE
Chr02	1576	1580	DEDE
Chr02	1580	1584	DEDE
Chr02	1584	1588	DEDE
Chr02	1588	1592	DEDE
Chr02	1592	1596	DEDE
Chr02	1596	1600	DEDE
Chr02	1600	1604	DEDE
Chr02	1604	1608	DEDE
Chr02	1608	1612	DEDE
Chr02	1612	1616	DEDE
Chr02	1616	1620	DEDE
Chr02	1620	1624	DEDE
Chr02	1624	1628	DEDE
Chr02	1628	1632	DEDE
Chr02	1632	1636	DEDE
Chr02	1636	1640	DEDE
Chr02	1640	1644	DEDE
Chr02	1644	1648	DEDE
Chr02	1648	1652	DEDE
Chr02	1652	1656	DEDE
Chr02	1656	1660	DEDE
Chr02	1660	1664	DEDE
Chr02	1664	1668	DEDE
Chr02	1668	1672	DEDE
Chr02	1672	1676	DEDE
Chr02	1676	1680	DEDE
Chr02	1680	1684	DEDE
Chr02	1684	1688	DEDE
Chr02	1688	1692	DEDE
Chr02	1692	1696	DEDE
Chr02	1696	1700	DEDE
Chr02	1700	1704	DEDE
Chr02	1704	1708	DEDE
Chr02	1708	1712	DEDE
Chr02	1712	1716	DEDE
Chr02	1716	1720	DEDE
Chr02	1720	1724	DEDE
Chr02	1724	1728	DEDE
Chr02	1728	1732	DEDE
Chr02	1732	1736	DEDE
Chr02	1736	1740	DEDE
Chr02	1740	1744	DEDE
Chr02	1744	1748	DEDE
Chr02	1748	1752	DEDE
Chr02	1752	1756	DEDE
Chr02	1756	1760	DEDE
Chr02	1760	1764	DEDE
Chr02	1764	1768	DEDE
Chr02	1768	1772	DEDE
Chr02	1772	1776	DEDE
Chr02	1776	1780	DEDE
Chr02	1780	1784	DEDE
Chr02	1784	1788	DEDE
Chr02	1788	1792	DEDE
Chr02	1792	1796	DEDE
Chr02	1796	1800	DEDE
Chr02	1800	1804	DEDE
Chr02	1804	1808	DEDE
Chr02	1808	1812	DEDE
Chr02	1812	1816	DEDE
Chr02	1816	1820	DEDE
Chr02	1820	1824	DEDE
Chr02	1824	1828	DEDE
Chr02	1828	1832	DEDE
Chr02	1832	1836	DEDE
Chr02	1836	1840	DEDE
Chr02	1840	1844	DEDE
Chr02	1844	1848	DEDE
Chr02	1848	1852	DEDE
Chr02	1852	1856	DEDE
Chr02	1856	1860	DEDE
Chr02	1860	1864	DEDE
Chr02	1864	1866	DE
Chr02	1866	1870	EDED
Chr02	1870	1874	EDED
Chr02	1874	1878	EDED
Chr02	1878	1882	EDED
Chr02	1882	1886	EDED
Chr02	1886	1890	EDED
Chr02	1890	1894	EDED
Chr02	1894	1898	EDED
Chr02	1898	1902	EDED
Chr02	1902	1906	EDED
Chr02	1906	1910	EDED
Chr02	1910	1914	EDED
Chr02	1914	1918	EDED
Chr02	1918	1922	EDED
Chr02	1922	1926	EDED
Chr02	1926	1930	EDED
Chr02	1930	1934	EDED
Chr02	1934	1938	EDED
Chr02	1938	1942	EDED
Chr02	1942	1946	EDED
Chr02	1946	1950	EDED
Chr02	1950	1954	EDED
Chr02	1954	1958	EDED
Chr02	1958	1962	EDED
Chr02	1962	1966	EDED
Chr02	1966	1970	EDED
Chr02	1970	1974	EDED
Chr02	1974	1978	EDED
Chr02	1978	1982	EDED
Chr02	1982	1986	EDED
Chr02	1986	1990	EDED
Chr02	1990	1994	EDED
Chr02	1994	1996	ED
Chr02	1996	2000	DEDE
Chr02	2000	2004	DEDE
Chr02	2004	2008	DEDE
Chr02	2008	2012	DEDE
Chr02	2012	2016	DEDE
Chr02	2016	2020	DEDE
Chr02	2020	2024	DEDE
Chr02	2024	2028	DEDE
Chr02	2028	2032	DEDE
Chr02	2032	2036	DEDE
Chr02	2036	2040	DEDE
Chr02	2040	2044	DEDE
Chr02	2044	2048	DEDE
Chr02	2048	2052	DEDE
Chr02	2052	2056	DEDE
Chr02	2056	2060	DEDE
Chr02	2060	2064	DEDE
Chr02	2064	2068	DEDE
Chr02	2068	2072	DEDE
Chr02	2072	2076	DEDE
Chr02	2076	2080	DEDE
Chr02	2080	2084	DEDE
Chr02	2084	2088	DEDE
Chr02	2088	2092	DEDE
Chr02	2092	2096	DEDE
Chr02	2096	2100	DEDE
Chr02	2100	2104	DEDE
Chr02	2104	2108	DEDE
Chr02	2108	2112	DEDE
Chr02	2112	2116	DEDE
Chr02	2116	2120	DEDE
Chr02	2120	2124	DEDE
Chr02	2124	2128	DEDE
Chr02	2128	2132	DEDE
Chr02	2132	2136	DEDE
Chr02	2136	2140	DEDE
Chr02	2140	2144	DEDE
Chr02	2144	2148	DEDE
Chr02	2148	2152	DEDE
Chr02	2152	2156	DEDE
Chr02	2156	2160	DEDE
Chr02	2160	2164	DEDE
Chr02	2164	2168	DEDE
Chr02	2168	2172	DEDE
Chr02	2172	2176	DEDE
Chr02	2176	2180	DEDE
Chr02	2180	2184	DEDE
Chr02	2184	2188	DEDE
Chr02	2188	2192	DEDE
Chr02	2192	2196	DEDE
Chr02	2196	2200	DEDE
Chr02	2200	2204	DEDE
Chr02	2204	2208	DEDE
Chr02	2208	2212	DEDE
Chr02	2212	2216	DEDE
Chr02	2216	2220	DEDE
Chr02	2220	2224	DEDE
Chr02	2224	2228	DEDE
Chr02	2228	2232	DEDE
Chr02	2232	2236	DEDE
Chr02	2236	2240	DEDE
Chr02	2240	2244	DEDE
Chr02	2244	2248	DEDE
Chr02	2248	2252	DEDE
Chr02	2252	2256	DEDE
Chr02	2256	2260	DEDE
Chr02	2260	2264	DEDE
Chr02	2264	2268	DEDE
Chr02	2268	2272	DEDE
Chr02	2272	2274	DE
Chr02	2274	2278	EDED
Chr02	2278	2282	EDED
Chr02	2282	2286	EDED
Chr02	2286	2290	EDED
Chr02	2290	2294	EDED
Chr02	2294	2298	EDED
Chr02	2298	2302	EDED
Chr02	2302	2304	ED
Chr02	2304	2308	DEDE
Chr02	2308	2312	DEDE
Chr02	2312	2316	DEDE
Chr02	2316	2320	DEDE
Chr02	2320	2324	DEDE
Chr02	2324	2328	DEDE
Chr02	2328	2332	DEDE
Chr02	2332	2336	DEDE
Chr02	2336	2340	DEDE
Chr02	2340	2344	DEDE
Chr02	2344	2348	DEDE
Chr02	2348	2352	DEDE
Chr02	2352	2356	DEDE
Chr02	2356	2360	DEDE
Chr02	2360	2364	DEDE
Chr02	2364	2368	DEDE
Chr02	2368	2372	DEDE
Chr02	2372	2376	DEDE
Chr02	2376	2380	DEDE
Chr02	2380	2384	DEDE
Chr02	2384	2388	DEDE
Chr02	2388	2392	DEDE
Chr02	2392	2396	DEDE
Chr02	2396	2400	DEDE
Chr02	2400	2404	DEDE
Chr02	2404	2408	DEDE
Chr02	2408	2412	DEDE
Chr02	2412	2416	DEDE
Chr02	2416	2420	DEDE
Chr02	2420	2424	DEDE
Chr02	2424	2428	DEDE
Chr02	2428	2432	DEDE
Chr02	2432	2436	DEDE
Chr02	2436	2440	DEDE
Chr02	2440	2444	DEDE
Chr02	2444	2446	DE
Chr02	2446	2450	EDED
Chr02	2450	2454	EDED
Chr02	2454	2458	EDED
Chr02	2458	2462	EDED
Chr02	2462	2466	EDED
Chr02	2466	2470	EDED
Chr02	2470	2474	EDED
Chr02	2474	2478	EDED
Chr02	2478	2482	EDED
Chr02	2482	2486	EDED
Chr02	2486	2490	EDED
Chr02	2490	2494	EDED
Chr02	2494	2498	EDED
Chr02	2498	2502	EDED
Chr02	2502	2506	EDED
Chr02	2506	2510	EDED
Chr02	2510	2514	EDED
Chr02	2514	2518	EDED
Chr02	2518	2522	EDED
Chr02	2522	2526	EDED
Chr02	2526	2530	EDED
Chr02	2530	2534	EDED
Chr02	2534	2538	EDED
Chr02	2538	2542	EDED
Chr02	2542	2546	EDED
Chr02	2546	2550	EDED
Chr02	2550	2554	EDED
Chr02	2554	2558	EDED
Chr02	2558	2562	EDED
Chr02	2562	2566	EDED
Chr02	2566	2570	EDED
Chr02	2570	2574	EDED
Chr02	2574	2578	EDED
Chr02	2578	2582	EDED
Chr02	2582	2586	EDED
Chr02	2586	2590	EDED
Chr02	2590	2594	EDED
Chr02	2594	2598	EDED
Chr02	2598	2602	EDED
Chr02	2602	2606	EDED
Chr02	2606	2610	EDED
Chr02	2610	2614	EDED
Chr02	2614	2618	EDED
Chr02	2618	2622	EDED
Chr02	2622	2626	EDED
Chr02	2626	2630	EDED
Chr02	2630	2634	EDED
Chr02	2634	2638	EDED
Chr02	2638	2642	EDED
Chr02	2642	2646	EDED
Chr02	2646	2650	EDED
Chr02	2650	2654	EDED
Chr02	2654	2658	EDED
Chr02	2658	2662	EDED
Chr02	2662	2666	EDED
Chr02	2666	2670	EDED
Chr02	2670	2674	EDED
Chr02	2674	2678	EDED
Chr02	2678	2682	EDED
Chr02	2682	2686	EDED
Chr02	2686	2690	EDED
Chr02	2690	2694	EDED
Chr02	2694	2698	EDED
Chr02	2698	2702	EDED
Chr02	2702	2706	EDED
Chr02	2706	2710	EDED
Chr02	2710	2714	EDED
Chr02	2714	2718	EDED
Chr02	2718	2722	EDED
Chr02	2722	2726	EDED
Chr02	2726	2730	EDED
Chr02	2730	2734	EDED
Chr02	2734	2738	EDED
Chr02	2738	2742	EDED
Chr02	2742	2746	EDED
Chr02	2746	2750	EDED
Chr02	2750	2754	EDED
Chr02	2754	2758	EDED
Chr02	2758	2762	EDED
Chr02	2762	2766	EDED
Chr02	2766	2770	EDED
Chr02	2770	2774	EDED
Chr02	2774	2778	EDED
Chr02	2778	2782	EDED
Chr02	2782	2786	EDED
Chr02	2786	2790	EDED
Chr02	2790	2794	EDED
Chr02	2794	2798	EDED
Chr02	2798	2802	EDED
Chr02	2802	2806	EDED
Chr02	2806	2810	EDED
Chr02	2810	2814	EDED
Chr02	2814	2818	EDED
Chr02	2818	2822	EDED
Chr02	2822	2826	EDED
Chr02	2826	2830	EDED
Chr02	2830	2834	EDED
Chr02	2834	2838	EDED
Chr02	2838	2842	EDED
Chr02	2842	2846	EDED
Chr02	2846	2850	EDED
Chr02	2850	2854	EDED
Chr02	2854	2858	EDED
Chr02	2858	2862	EDED
Chr02	2862	2866	EDED
Chr02	2866	2870	EDED
Chr02	2870	2874	EDED
Chr02	2874	2878	EDED
Chr02	2878	2882	EDED
Chr02	2882	2886	EDED
Chr02	2886	2890	EDED
Chr02	2890	2894	EDED
Chr02	2894	2898	EDED
Chr02	2898	2902	EDED
Chr02	2902	2906	EDED
Chr02	2906	2910	EDED
Chr02	2910	2914	EDED
Chr02	2914	2918	EDED
Chr02	2918	2922	EDED
Chr02	2922	2926	EDED
Chr02	2926	2930	EDED
Chr02	2930	2934	EDED
Chr02	2934	2938	EDED
Chr02	2938	2942	EDED
Chr02	2942	2946	EDED
Chr02	2946	2950	EDED
Chr02	2950	2954	EDED
Chr02	2954	2958	EDED
Chr02	2958	2962	EDED
Chr02	2962	2966	EDED
Chr02	2966	2970	EDED
Chr02	2970	2974	EDED
Chr02	2974	2978	EDED
Chr02	2978	2982	EDED
Chr02	2982	2986	EDED
Chr02	2986	2990	EDED
Chr02	2990	2994	EDED
Chr02	2994	2998	EDED
Chr02	2998	3002	EDED
Chr02	3002	3006	EDED
Chr02	3006	3010	EDED
Chr02	3010	3014	EDED
Chr02	3014	3018	EDED
Chr02	3018	3022	EDED
Chr02	3022	3026	EDED
Chr02	3026	3030	EDED
Chr02	3030	3034	EDED
Chr02	3034	3038	EDED
Chr02	3038	3042	EDED
Chr02	3042	3046	EDED
Chr02	3046	3050	EDED
Chr02	3050	3054	EDED
Chr02	3054	3058	EDED
Chr02	3058	3062	EDED
Chr02	3062	3066	EDED
Chr02	3066	3070	EDED
Chr02	3070	3074	EDED
Chr02	3074	3078	EDED
Chr02	3078	3082	EDED
Chr02	3082	3086	EDED
Chr02	3086	3090	EDED
Chr02	3090	3094	EDED
Chr02	3094	3098	EDED
Chr02	3098	3102	EDED
Chr02	3102	3106	EDED
Chr02	3106	3110	EDED
Chr02	3110	3114	EDED
Chr02	3114	3118	EDED
Chr02	3118	3122	EDED
Chr02	3122	3126	EDED
Chr02	3126	3130	EDED
Chr02	3130	3134	EDED
Chr02	3134	3138	EDED
Chr02	3138	3142	EDED
Chr02	3142	3146	EDED
Chr02	3146	3150	EDED
Chr02	3150	3154	EDED
Chr02	3154	3158	EDED
Chr02	3158	3162	EDED
Chr02	3162	3166	EDED
Chr02	3166	3170	EDED
Chr02	3170	3174	EDED
Chr02	3174	3178	EDED
Chr02	3178	3182	EDED
Chr02	3182	3186	EDED
Chr02	3186	3190	EDED
Chr02	3190	3194	EDED
Chr02	3194	3198	EDED
Chr02	3198	3202	EDED
Chr02	3202	3206	EDED
Chr02	3206	3210	EDED
Chr02	3210	3214	EDED
Chr02	3214	3218	EDED
Chr02	3218	3222	EDED
Chr02	3222	3226	EDED
Chr02	3226	3230	EDED
Chr02	3230	3234	EDED
Chr02	3234	3238	EDED
Chr02	3238	3242	EDED
Chr02	3242	3246	EDED
Chr02	3246	3250	EDED
Chr02	3250	3254	EDED
Chr02	3254	3258	EDED
Chr02	3258	3262	EDED
Chr02	3262	3266	EDED
Chr02	3266	3270	EDED
Chr02	3270	3274	EDED
Chr02	3274	3278	EDED
Chr02	3278	3282	EDED
Chr02	3282	3286	EDED
Chr02	3286	3290	EDED
Chr02	3290	3294	EDED
Chr02	3294	3298	EDED
Chr02	3298	3302	EDED
Chr02	3302	3306	EDED
Chr02	3306	3310	EDED
Chr02	3310	3314	EDED
Chr02	3314	3318	EDED
Chr02	3318	3322	EDED
Chr02	3322	3326	EDED
Chr02	3326	3330	EDED
Chr02	3330	3334	EDED
Chr02	3334	3338	EDED
Chr02	3338	3342	EDED
Chr02	3342	3346	EDED
Chr02	3346	3350	EDED
Chr02	3350	3354	EDED
Chr02	3354	3358	EDED
Chr02	3358	3362	EDED
Chr02	3362	3366	EDED
Chr02	3366	3370	EDED
Chr02	3370	3374	EDED
Chr02	3374	3378	EDED
Chr02	3378	3382	EDED
Chr02	3382	3386	EDED
Chr02	3386	3390	EDED
Chr02	3390	3394	EDED
Chr02	3394	3398	EDED
Chr02	3398	3402	EDED
Chr02	3402	3406	EDED
Chr02	3406	3408	ED
Chr02	3408	3412	DEDE
Chr02	3412	3416	DEDE
Chr02	3416	3420	DEDE
Chr02	3420	3424	DEDE
Chr02	3424	3428	DEDE
Chr02	3428	3432	DEDE
Chr02	3432	3436	DEDE
Chr02	3436	3440	DEDE
Chr02	3440	3444	DEDE
Chr02	3444	3448	DEDE
Chr02	3448	3452	DEDE
Chr02	3452	3456	DEDE
Chr02	3456	3460	DEDE
Chr02	3460	3464	DEDE
Chr02	3464	3468	DEDE
Chr02	3468	3472	DEDE
Chr02	3472	3476	DEDE
Chr02	3476	3480	DEDE
Chr02	3480	3484	DEDE
Chr02	3484	3488	DEDE
Chr02	3488	3492	DEDE
Chr02	3492	3496	DEDE
Chr02	3496	3500	DEDE
Chr02	3500	3504	DEDE
Chr02	3504	3508	DEDE
Chr02	3508	3512	DEDE
Chr02	3512	3516	DEDE
Chr02	3516	3520	DEDE
Chr02	3520	3524	DEDE
Chr02	3524	3528	DEDE
Chr02	3528	3532	DEDE
Chr02	3532	3536	DEDE
Chr02	3536	3540	DEDE
Chr02	3540	3544	DEDE
Chr02	3544	3548	DEDE
Chr02	3548	3552	DEDE
Chr02	3552	3556	DEDE
Chr02	3556	3560	DEDE
Chr02	3560	3562	DE
Chr02	3562	3566	EDED
Chr02	3566	3570	EDED
Chr02	3570	3574	EDED
Chr02	3574	3578	EDED
Chr02	3578	3582	EDED
Chr02	3582	3586	EDED
Chr02	3586	3590	EDED
Chr02	3590	3594	EDED
Chr02	3594	3598	DEDE
Chr02	3598	3602	DEDE
Chr02	3602	3606	DEDE
Chr02	3606	3610	DEDE
Chr02	3610	3614	DEDE
Chr02	3614	3618	DEDE
Chr02	3618	3622	DEDE
Chr02	3622	3626	DEDE
Chr02	3626	3630	DEDE
Chr02	3630	3634	DEDE
Chr02	3634	3638	DEDE
Chr02	3638	3642	DEDE
Chr02	3642	3646	DEDE
Chr02	3646	3650	DEDE
Chr02	3650	3652	DE
Chr02	3652	3656	EDED
Chr02	3656	3660	EDED
Chr02	3660	3664	EDED
Chr02	3664	3668	EDED
Chr02	3668	3672	EDED
Chr02	3672	3676	EDED
Chr02	3676	3680	EDED
Chr02	3680	3684	EDED
Chr02	3684	3688	EDED
Chr02	3688	3692	EDED
Chr02	3692	3696	EDED
Chr02	3696	3700	EDED
Chr02	3700	3704	EDED
Chr02	3704	3708	EDED
Chr02	3708	3712	EDED
Chr02	3712	3716	EDED
Chr02	3716	3720	EDED
Chr02	3720	3724	EDED
Chr02	3724	3728	EDED
Chr02	3728	3732	EDED
Chr02	3732	3736	EDED
Chr02	3736	3740	EDED
Chr02	3740	3744	EDED
Chr02	3744	3748	EDED
Chr02	3748	3752	EDED
Chr02	3752	3756	EDED
Chr02	3756	3760	EDED
Chr02	3760	3764	EDED
Chr02	3764	3768	EDED
Chr02	3768	3772	EDED
Chr02	3772	3776	EDED
Chr02	3776	3780	EDED
Chr02	3780	3784	EDED
Chr02	3784	3788	EDED
Chr02	3788	3790	ED
Chr02	3790	3794	DEDE
Chr02	3794	3798	DEDE
Chr02	3798	3802	DEDE
Chr02	3802	3806	DEDE
Chr02	3806	3810	DEDE
Chr02	3810	3814	DEDE
Chr02	3814	3818	DEDE
Chr02	3818	3822	DEDE
Chr02	3822	3826	DEDE
Chr02	3826	3830	DEDE
Chr02	3830	3834	DEDE
Chr02	3834	3838	DEDE
Chr02	3838	3842	DEDE
Chr02	3842	3846	DEDE
Chr02	3846	3850	DEDE
Chr02	3850	3854	DEDE
Chr02	3854	3858	DEDE
Chr02	3858	3862	DEDE
Chr02	3862	3866	DEDE
Chr02	3866	3870	DEDE
Chr02	3870	3874	DEDE
Chr02	3874	3878	DEDE
Chr02	3878	3882	DEDE
Chr02	3882	3886	DEDE
Chr02	3886	3890	DEDE
Chr02	3890	3894	DEDE
Chr02	3894	3898	DEDE
Chr02	3898	3902	DEDE
Chr02	3902	3906	DEDE
Chr02	3906	3910	DEDE
Chr02	3910	3914	DEDE
Chr02	3914	3918	DEDE
Chr02	3918	3922	DEDE
Chr02	3922	3926	DEDE
Chr02	3926	3930	DEDE
Chr02	3930	3934	DEDE
Chr02	3934	3938	DEDE
Chr02	3938	3942	DEDE
Chr02	3942	3946	DEDE
Chr02	3946	3950	DEDE
Chr02	3950	3954	DEDE
Chr02	3954	3958	DEDE
Chr02	3958	3962	DEDE
Chr02	3962	3966	DEDE
Chr02	3966	3970	DEDE
Chr02	3970	3974	DEDE
Chr02	3974	3978	DEDE
Chr02	3978	3982	DEDE
Chr02	3982	3986	DEDE
Chr02	3986	3990	DEDE
Chr02	3990	3994	DEDE
Chr02	3994	3998	DEDE
Chr02	3998	4002	DEDE
Chr02	4002	4006	DEDE
Chr02	4006	4010	DEDE
Chr02	4010	4014	DEDE
Chr02	4014	4018	DEDE
Chr02	4018	4022	DEDE
Chr02	4022	4026	DEDE
Chr02	4026	4030	DEDE
Chr02	4030	4034	DEDE
Chr02	4034	4038	DEDE
Chr02	4038	4042	DEDE
Chr02	4042	4046	DEDE
Chr02	4046	4050	DEDE
Chr02	4050	4054	DEDE
Chr02	4054	4058	DEDE
Chr02	4058	4062	DEDE
Chr02	4062	4066	DEDE
Chr02	4066	4070	DEDE
Chr02	4070	4074	DEDE
Chr02	4074	4078	DEDE
Chr02	4078	4082	DEDE
Chr02	4082	4086	DEDE
Chr02	4086	4090	DEDE
Chr02	4090	4094	DEDE
Chr02	4094	4098	DEDE
Chr02	4098	4102	DEDE
Chr02	4102	4106	DEDE
Chr02	4106	4110	DEDE
Chr02	4110	4114	DEDE
Chr02	4114	4118	DEDE
Chr02	4118	4122	DEDE
Chr02	4122	4126	DEDE
Chr02	4126	4130	DEDE
Chr02	4130	4134	DEDE
Chr02	4134	4138	DEDE
Chr02	4138	4142	DEDE
Chr02	4142	4146	DEDE
Chr02	4146	4150	DEDE
Chr02	4150	4154	DEDE
Chr02	4154	4158	DEDE
Chr02	4158	4162	DEDE
Chr02	4162	4166	DEDE
Chr02	4166	4170	DEDE
Chr02	4170	4174	DEDE
Chr02	4174	4178	DEDE
Chr02	4178	4182	DEDE
Chr02	4182	4186	DEDE
Chr02	4186	4190	DEDE
Chr02	4190	4194	DEDE
Chr02	4194	4198	DEDE
Chr02	4198	4202	DEDE
Chr02	4202	4206	DEDE
Chr02	4206	4210	DEDE
Chr02	4210	4214	DEDE
Chr02	4214	4218	DEDE
Chr02	4218	4222	DEDE
Chr02	4222	4226	DEDE
Chr02	4226	4230	DEDE
Chr02	4230	4234	DEDE
Chr02	4234	4238	DEDE
Chr02	4238	4242	DEDE
Chr02	4242	4246	DEDE
Chr02	4246	4250	DEDE
Chr02	4250	4254	DEDE
Chr02	4254	4258	DEDE
Chr02	4258	4262	DEDE
Chr02	4262	4266	DEDE
Chr02	4266	4270	DEDE
Chr02	4270	4274	DEDE
Chr02	4274	4278	DEDE
Chr02	4278	4282	DEDE
Chr02	4282	4286	DEDE
Chr02	4286	4290	DEDE
Chr02	4290	4294	DEDE
Chr02	4294	4298	DEDE
Chr02	4298	4302	DEDE
Chr02	4302	4306	DEDE
Chr02	4306	4310	DEDE
Chr02	4310	4314	DEDE
Chr02	4314	4318	DEDE
Chr02	4318	4322	DEDE
Chr02	4322	4326	DEDE
Chr02	4326	4330	DEDE
Chr02	4330	4334	DEDE
Chr02	4334	4338	DEDE
Chr02	4338	4342	DEDE
Chr02	4342	4346	DEDE
Chr02	4346	4350	DEDE
Chr02	4350	4354	DEDE
Chr02	4354	4358	DEDE
Chr02	4358	4362	DEDE
Chr02	4362	4366	DEDE
Chr02	4366	4370	DEDE
Chr02	4370	4374	DEDE
Chr02	4374	4378	DEDE
Chr02	4378	4382	DEDE
Chr02	4382	4386	DEDE
Chr02	4386	4390	DEDE
Chr02	4390	4394	DEDE
Chr02	4394	4398	DEDE
Chr02	4398	4402	DEDE
Chr02	4402	4406	DEDE
Chr02	4406	4410	DEDE
Chr02	4410	4414	DEDE
Chr02	4414	4418	DEDE
Chr02	4418	4422	DEDE
Chr02	4422	4426	DEDE
Chr02	4426	4430	DEDE
Chr02	4430	4434	DEDE
Chr02	4434	4438	DEDE
Chr02	4438	4442	DEDE
Chr02	4442	4446	DEDE
Chr02	4446	4450	DEDE
Chr02	4450	4454	DEDE
Chr02	4454	4458	DEDE
Chr02	4458	4462	DEDE
Chr02	4462	4466	DEDE
Chr02	4466	4470	DEDE
Chr02	4470	4474	DEDE
Chr02	4474	4478	DEDE
Chr02	4478	4482	DEDE
Chr02	4482	4486	DEDE
Chr02	4486	4490	DEDE
Chr02	4490	4494	DEDE
Chr02	4494	4498	DEDE
Chr02	4498	4502	DEDE
Chr02	4502	4506	DEDE
Chr02	4506	4510	DEDE
Chr02	4510	4514	DEDE
Chr02	4514	4518	DEDE
Chr02	4518	4522	DEDE
Chr02	4522	4526	DEDE
Chr02	4526	4530	DEDE
Chr02	4530	4534	DEDE
Chr02	4534	4538	DEDE
Chr02	4538	4542	DEDE
Chr02	4542	4546	DEDE
Chr02	4546	4550	DEDE
Chr02	4550	4554	DEDE
Chr02	4554	4558	DEDE
Chr02	4558	4562	DEDE
Chr02	4562	4566	DEDE
Chr02	4566	4570	DEDE
Chr02	4570	4574	DEDE
Chr02	4574	4578	DEDE
Chr02	4578	4582	DEDE
Chr02	4582	4586	DEDE
Chr02	4586	4590	DEDE
Chr02	4590	4594	DEDE
Chr02	4594	4598	DEDE
Chr02	4598	4602	DEDE
Chr02	4602	4606	DEDE
Chr02	4606	4610	DEDE
Chr02	4610	4614	DEDE
Chr02	4614	4618	DEDE
Chr02	4618	4622	DEDE
Chr02	4622	4626	DEDE
Chr02	4626	4630	DEDE
Chr02	4630	4634	DEDE
Chr02	4634	4638	DEDE
Chr02	4638	4642	DEDE
Chr02	4642	4646	DEDE
Chr02	4646	4650	DEDE
Chr02	4650	4654	DEDE
Chr02	4654	4658	DEDE
Chr02	4658	4662	DEDE
Chr02	4662	4666	DEDE
Chr02	4666	4670	DEDE
Chr02	4670	4674	DEDE
Chr02	4674	4678	DEDE
Chr02	4678	4682	DEDE
Chr02	4682	4686	DEDE
Chr02	4686	4690	DEDE
Chr02	4690	4694	DEDE
Chr02	4694	4698	DEDE
Chr02	4698	4702	DEDE
Chr02	4702	4706	DEDE
Chr02	4706	4710	DEDE
Chr02	4710	4714	DEDE
Chr02	4714	4718	DEDE
Chr02	4718	4722	DEDE
Chr02	4722	4726	DEDE
Chr02	4726	4730	DEDE
Chr02	4730	4734	DEDE
Chr02	4734	4738	DEDE
Chr02	4738	4742	DEDE
Chr02	4742	4746	DEDE
Chr02	4746	4750	DEDE
Chr02	4750	4754	DEDE
Chr02	4754	4758	DEDE
Chr02	4758	4762	DEDE
Chr02	4762	4766	DEDE
Chr02	4766	4770	DEDE
Chr02	4770	4774	DEDE
Chr02	4774	4778	DEDE
Chr02	4778	4782	DEDE
Chr02	4782	4786	DEDE
Chr02	4786	4790	DEDE
Chr02	4790	4794	DEDE
Chr02	4794	4798	DEDE
Chr02	4798	4802	DEDE
Chr02	4802	4806	DEDE
Chr02	4806	4810	DEDE
Chr02	4810	4814	DEDE
Chr02	4814	4818	DEDE
Chr02	4818	4822	DEDE
Chr02	4822	4826	DEDE
Chr02	4826	4830	DEDE
Chr02	4830	4834	DEDE
Chr02	4834	4838	DEDE
Chr02	4838	4842	DEDE
Chr02	4842	4846	DEDE
Chr02	4846	4850	DEDE
Chr02	4850	4854	DEDE
Chr02	4854	4858	DEDE
Chr02	4858	4862	DEDE
Chr02	4862	4866	DEDE
Chr02	4866	4870	DEDE
Chr02	4870	4874	DEDE
Chr02	4874	4878	DEDE
Chr02	4878	4882	DEDE
Chr02	4882	4886	DEDE
Chr02	4886	4890	DEDE
Chr02	4890	4894	DEDE
Chr02	4894	4898	DEDE
Chr02	4898	4902	DEDE
Chr02	4902	4906	DEDE
Chr02	4906	4910	DEDE
Chr02	4910	4914	DEDE
Chr02	4914	4918	DEDE
Chr02	4918	4922	DEDE
Chr02	4922	4926	DEDE
Chr02	4926	4930	DEDE
Chr02	4930	4934	DEDE
Chr02	4934	4938	DEDE
Chr02	4938	4942	DEDE
Chr02	4942	4946	DEDE
Chr02	4946	4950	DEDE
Chr02	4950	4954	DEDE
Chr02	4954	4958	DEDE
Chr02	4958	4962	DEDE
Chr02	4962	4966	DEDE
Chr02	4966	4970	DEDE
Chr02	4970	4974	DEDE
Chr02	4974	4978	DEDE
Chr02	4978	4982	DEDE
Chr02	4982	4986	DEDE
Chr02	4986	4990	DEDE
Chr02	4990	4994	DEDE
Chr02	4994	4998	DEDE
Chr02	4998	5002	DEDE
Chr02	5002	5006	DEDE
Chr02	5006	5010	DEDE
Chr02	5010	5014	DEDE
Chr02	5014	5018	DEDE
Chr02	5018	5022	DEDE
Chr02	5022	5026	DEDE
Chr02	5026	5030	DEDE
Chr02	5030	5034	DEDE
Chr02	5034	5038	DEDE
Chr02	5038	5042	DEDE
Chr02	5042	5046	DEDE
Chr02	5046	5050	DEDE
Chr02	5050	5054	DEDE
Chr02	5054	5058	DEDE
Chr02	5058	5062	DEDE
Chr02	5062	5066	DEDE
Chr02	5066	5070	DEDE
Chr02	5070	5074	DEDE
Chr02	5074	5078	DEDE
Chr02	5078	5082	DEDE
Chr02	5082	5086	DEDE
Chr02	5086	5090	DEDE
Chr02	5090	5094	DEDE
Chr02	5094	5098	DEDE
Chr02	5098	5102	DEDE
Chr02	5102	5106	DEDE
Chr02	5106	5110	DEDE
Chr02	5110	5114	DEDE
Chr02	5114	5118	DEDE
Chr02	5118	5122	DEDE
Chr02	5122	5126	DEDE
Chr02	5126	5130	DEDE
Chr02	5130	5134	DEDE
Chr02	5134	5138	DEDE
Chr02	5138	5142	DEDE
Chr02	5142	5146	DEDE
Chr02	5146	5150	DEDE
Chr02	5150	5154	DEDE
Chr02	5154	5158	DEDE
Chr02	5158	5162	DEDE
Chr02	5162	5166	DEDE
Chr02	5166	5170	DEDE
Chr02	5170	5174	DEDE
Chr02	5174	5178	DEDE
Chr02	5178	5182	DEDE
Chr02	5182	5186	DEDE
Chr02	5186	5190	DEDE
Chr02	5190	5194	DEDE
Chr02	5194	5198	DEDE
Chr02	5198	5202	DEDE
Chr02	5202	5206	DEDE
Chr02	5206	5210	DEDE
Chr02	5210	5214	DEDE
Chr02	5214	5218	DEDE
Chr02	5218	5222	DEDE
Chr02	5222	5226	DEDE
Chr02	5226	5230	DEDE
Chr02	5230	5234	DEDE
Chr02	5234	5238	DEDE
Chr02	5238	5242	DEDE
Chr02	5242	5246	DEDE
Chr02	5246	5250	DEDE
Chr02	5250	5254	DEDE
Chr02	5254	5258	DEDE
Chr02	5258	5262	DEDE
Chr02	5262	5266	DEDE
Chr02	5266	5270	DEDE
Chr02	5270	5274	DEDE
Chr02	5274	5278	DEDE
Chr02	5278	5282	DEDE
Chr02	5282	5286	DEDE
Chr02	5286	5290	DEDE
Chr02	5290	5294	DEDE
Chr02	5294	5298	DEDE
Chr02	5298	5302	DEDE
Chr02	5302	5306	DEDE
Chr02	5306	5310	DEDE
Chr02	5310	5314	DEDE
Chr02	5314	5318	DEDE
Chr02	5318	5322	DEDE
Chr02	5322	5326	DEDE
Chr02	5326	5330	DEDE
Chr02	5330	5334	DEDE
Chr02	5334	5338	DEDE
Chr02	5338	5342	DEDE
Chr02	5342	5346	DEDE
Chr02	5346	5350	DEDE
Chr02	5350	5354	DEDE
Chr02	5354	5358	DEDE
Chr02	5358	5362	DEDE
Chr02	5362	5366	DEDE
Chr02	5366	5370	DEDE
Chr02	5370	5374	DEDE
Chr02	5374	5378	DEDE
Chr02	5378	5382	DEDE
Chr02	5382	5386	DEDE
Chr02	5386	5390	DEDE
Chr02	5390	5394	DEDE
Chr02	5394	5398	DEDE
Chr02	5398	5402	DEDE
Chr02	5402	5406	DEDE
Chr02	5406	5410	DEDE
Chr02	5410	5414	DEDE
Chr02	5414	5418	DEDE
Chr02	5418	5422	DEDE
Chr02	5422	5426	DEDE
Chr02	5426	5430	DEDE
Chr02	5430	5434	DEDE
Chr02	5434	5438	DEDE
Chr02	5438	5442	DEDE
Chr02	5442	5446	DEDE
Chr02	5446	5450	DEDE
Chr02	5450	5454	DEDE
Chr02	5454	5458	DEDE
Chr02	5458	5462	DEDE
Chr02	5462	5466	DEDE
Chr02	5466	5470	DEDE
Chr02	5470	5474	DEDE
Chr02	5474	5478	DEDE
Chr02	5478	5482	DEDE
Chr02	5482	5486	DEDE
Chr02	5486	5488	DE
Chr02	5488	5492	EDED
Chr02	5492	5496	EDED
Chr02	5496	5500	EDED
Chr02	5500	5504	EDED
Chr02	5504	5508	EDED
Chr02	5508	5512	EDED
Chr02	5512	5516	EDED
Chr02	5516	5520	EDED
Chr02	5520	5524	EDED
Chr02	5524	5528	EDED
Chr02	5528	5532	EDED
Chr02	5532	5536	EDED
Chr02	5536	5540	EDED
Chr02	5540	5544	EDED
Chr02	5544	5548	EDED
Chr02	5548	5552	EDED
Chr02	5552	5556	EDED
Chr02	5556	5560	EDED
Chr02	5560	5564	EDED
Chr02	5564	5568	EDED
Chr02	5568	5572	EDED
Chr02	5572	5576	EDED
Chr02	5576	5580	EDED
Chr02	5580	5584	EDED
Chr02	5584	5588	EDED
Chr02	5588	5592	EDED
Chr02	5592	5596	EDED
Chr02	5596	5600	EDED
Chr02	5600	5604	EDED
Chr02	5604	5608	EDED
Chr02	5608	5612	EDED
Chr02	5612	5616	EDED
Chr02	5616	5620	EDED
Chr02	5620	5624	EDED
Chr02	5624	5628	EDED
Chr02	5628	5632	EDED
Chr02	5632	5636	EDED
Chr02	5636	5640	EDED
Chr02	5640	5644	EDED
Chr02	5644	5648	EDED
Chr02	5648	5652	EDED
Chr02	5652	5656	EDED
Chr02	5656	5660	EDED
Chr02	5660	5664	EDED
Chr02	5664	5668	EDED
Chr02	5668	5672	EDED
Chr02	5672	5676	EDED
Chr02	5676	5680	EDED
Chr02	5680	5684	EDED
Chr02	5684	5688	EDED
Chr02	5688	5692	EDED
Chr02	5692	5696	EDED
Chr02	5696	5700	EDED
Chr02	5700	5704	EDED
Chr02	5704	5708	EDED
Chr02	5708	5712	EDED
Chr02	5712	5716	EDED
Chr02	5716	5718	ED
Chr02	5718	5722	DEDE
Chr02	5722	5726	DEDE
Chr02	5726	5730	DEDE
Chr02	5730	5734	DEDE
Chr02	5734	5738	EDED
Chr02	5738	5742	EDED
Chr02	5742	5746	EDED
Chr02	5746	5750	EDED
Chr02	5750	5752	ED
Chr02	5752	5756	DEDE
Chr02	5756	5760	DEDE
Chr02	5760	5764	DEDE
Chr02	5764	5768	DEDE
Chr02	5768	5772	DEDE
Chr02	5772	5776	DEDE
Chr02	5776	5780	DEDE
Chr02	5780	5784	DEDE
Chr02	5784	5788	DEDE
Chr02	5788	5792	DEDE
Chr02	5792	5796	DEDE
Chr02	5796	5800	DEDE
Chr02	5800	5804	DEDE
Chr02	5804	5808	DEDE
Chr02	5808	5812	DEDE
Chr02	5812	5816	DEDE
Chr02	5816	5820	DEDE
Chr02	5820	5824	DEDE
Chr02	5824	5828	DEDE
Chr02	5828	5832	DEDE
Chr02	5832	5836	DEDE
Chr02	5836	5840	DEDE
Chr02	5840	5844	DEDE
Chr02	5844	5848	EDED
Chr02	5848	5852	EDED
Chr02	5852	5856	EDED
Chr02	5856	5860	EDED
Chr02	5860	5864	EDED
Chr02	5864	5868	EDED
Chr02	5868	5872	EDED
Chr02	5872	5876	EDED
Chr02	5876	5880	EDED
Chr02	5880	5884	EDED
Chr02	5884	5888	EDED
Chr02	5888	5892	EDED
Chr02	5892	5896	EDED
Chr02	5896	5900	EDED
Chr02	5900	5904	EDED
Chr02	5904	5908	EDED
Chr02	5908	5912	EDED
Chr02	5912	5916	EDED
Chr02	5916	5920	EDED
Chr02	5920	5924	EDED
Chr02	5924	5928	EDED
Chr02	5928	5932	EDED
Chr02	5932	5936	EDED
Chr02	5936	5940	EDED
Chr02	5940	5944	EDED
Chr02	5944	5948	EDED
Chr02	5948	5952	EDED
Chr02	5952	5956	EDED
Chr02	5956	5960	EDED
Chr02	5960	5964	EDED
Chr02	5964	5968	EDED
Chr02	5968	5972	EDED
Chr02	5972	5976	EDED
Chr02	5976	5980	EDED
Chr02	5980	5984	EDED
Chr02	5984	5988	EDED
Chr02	5988	5992	DEDE
Chr02	5992	5996	DEDE
Chr02	5996	6000	DEDE
Chr02	6000	6004	DEDE
Chr02	6004	6008	DEDE
Chr02	6008	6012	DEDE
Chr02	6012	6016	DEDE
Chr02	6016	6020	DEDE
Chr02	6020	6024	DEDE
Chr02	6024	6028	DEDE
Chr02	6028	6032	DEDE
Chr02	6032	6036	DEDE
Chr02	6036	6040	DEDE
Chr02	6040	6044	DEDE
Chr02	6044	6048	DEDE
Chr02	6048	6052	DEDE
Chr02	6052	6056	DEDE
Chr02	6056	6060	DEDE
Chr02	6060	6064	DEDE
Chr02	6064	6068	DEDE
Chr02	6068	6072	DEDE
Chr02	6072	6076	DEDE
Chr02	6076	6080	DEDE
Chr02	6080	6084	DEDE
Chr02	6084	6088	DEDE
Chr02	6088	6092	DEDE
Chr02	6092	6096	DEDE
Chr02	6096	6100	DEDE
Chr02	6100	6104	DEDE
Chr02	6104	6108	DEDE
Chr02	6108	6112	DEDE
Chr02	6112	6116	DEDE
Chr02	6116	6120	DEDE
Chr02	6120	6124	DEDE
Chr02	6124	6128	DEDE
Chr02	6128	6132	DEDE
Chr02	6132	6136	DEDE
Chr02	6136	6140	DEDE
Chr02	6140	6144	DEDE
Chr02	6144	6146	DE
Chr02	6146	6150	EDED
Chr02	6150	6154	EDED
Chr02	6154	6158	EDED
Chr02	6158	6162	EDED
Chr02	6162	6166	EDED
Chr02	6166	6170	DEDE
Chr02	6170	6174	DEDE
Chr02	6174	6178	DEDE
Chr02	6178	6182	DEDE
Chr02	6182	6186	DEDE
Chr02	6186	6190	DEDE
Chr02	6190	6194	DEDE
Chr02	6194	6198	DEDE
Chr02	6198	6202	DEDE
Chr02	6202	6206	DEDE
Chr02	6206	6210	DEDE
Chr02	6210	6214	DEDE
Chr02	6214	6218	DEDE
Chr02	6218	6222	DEDE
Chr02	6222	6226	DEDE
Chr02	6226	6230	DEDE
Chr02	6230	6234	DEDE
Chr02	6234	6238	DEDE
Chr02	6238	6242	DEDE
Chr02	6242	6246	DEDE
Chr02	6246	6248	DE
Chr02	6248	6252	EDED
Chr02	6252	6256	EDED
Chr02	6256	6260	EDED
Chr02	6260	6264	EDED
Chr02	6264	6268	EDED
Chr02	6268	6272	EDED
Chr02	6272	6276	EDED
Chr02	6276	6280	EDED
Chr02	6280	6284	EDED
Chr02	6284	6288	EDED
Chr02	6288	6292	EDED
Chr02	6292	6296	EDED
Chr02	6296	6300	EDED
Chr02	6300	6304	EDED
Chr02	6304	6308	EDED
Chr02	6308	6312	EDED
Chr02	6312	6316	EDED
Chr02	6316	6320	EDED
Chr02	6320	6324	EDED
Chr02	6324	6328	EDED
Chr02	6328	6332	EDED
Chr02	6332	6336	EDED
Chr02	6336	6340	EDED
Chr02	6340	6344	EDED
Chr02	6344	6348	EDED
Chr02	6348	6352	EDED
Chr02	6352	6356	EDED
Chr02	6356	6360	EDED
Chr02	6360	6364	EDED
Chr02	6364	6368	EDED
Chr02	6368	6372	EDED
Chr02	6372	6376	EDED
Chr02	6376	6380	EDED
Chr02	6380	6384	EDED
Chr02	6384	6388	EDED
Chr02	6388	6392	EDED
Chr02	6392	6396	EDED
Chr02	6396	6400	EDED
Chr02	6400	6404	EDED
Chr02	6404	6408	EDED
Chr02	6408	6412	EDED
Chr02	6412	6416	EDED
Chr02	6416	6420	EDED
Chr02	6420	6424	EDED
Chr02	6424	6428	EDED
Chr02	6428	6432	EDED
Chr02	6432	6436	EDED
Chr02	6436	6440	EDED
Chr02	6440	6444	EDED
Chr02	6444	6448	EDED
Chr02	6448	6452	EDED
Chr02	6452	6456	EDED
Chr02	6456	6460	EDED
Chr02	6460	6464	EDED
Chr02	6464	6468	EDED
Chr02	6468	6472	EDED
Chr02	6472	6476	EDED
Chr02	6476	6480	EDED
Chr02	6480	6484	EDED
Chr02	6484	6488	EDED
Chr02	6488	6492	EDED
Chr02	6492	6496	EDED
Chr02	6496	6500	EDED
Chr02	6500	6504	EDED
Chr02	6504	6508	EDED
Chr02	6508	6512	EDED
Chr02	6512	6516	EDED
Chr02	6516	6520	EDED
Chr02	6520	6524	EDED
Chr02	6524	6528	EDED
Chr02	6528	6532	EDED
Chr02	6532	6536	EDED
Chr02	6536	6540	EDED
Chr02	6540	6544	EDED
Chr02	6544	6548	EDED
Chr02	6548	6552	EDED
Chr02	6552	6556	EDED
Chr02	6556	6560	EDED
Chr02	6560	6564	EDED
Chr02	6564	6568	EDED
Chr02	6568	6572	EDED
Chr02	6572	6576	EDED
Chr02	6576	6580	EDED
Chr02	6580	6584	EDED
Chr02	6584	6588	EDED
Chr02	6588	6592	EDED
Chr02	6592	6596	DEDE
Chr02	6596	6600	DEDE
Chr02	6600	6604	DEDE
Chr02	6604	6608	DEDE
Chr02	6608	6612	DEDE
Chr02	6612	6614	DE
Chr02	6614	6618	EDED
Chr02	6618	6622	EDED
Chr02	6622	6626	EDED
Chr02	6626	6630	EDED
Chr02	6630	6634	EDED
Chr02	6634	6638	EDED
Chr02	6638	6642	EDED
Chr02	6642	6646	EDED
Chr02	6646	6650	EDED
Chr02	6650	6654	EDED
Chr02	6654	6658	EDED
Chr02	6658	6660	ED
Chr02	6660	6664	DEDE
Chr02	6664	6668	DEDE
Chr02	6668	6672	DEDE
Chr02	6672	6676	DEDE
Chr02	6676	6680	DEDE
Chr02	6680	6684	DEDE
Chr02	6684	6686	DE
Chr02	6686	6690	EDED
Chr02	6690	6694	EDED
Chr02	6694	6698	EDED
Chr02	6698	6702	EDED
Chr02	6702	6706	EDED
Chr02	6706	6710	EDED
Chr02	6710	6714	EDED
Chr02	6714	6718	EDED
Chr02	6718	6722	EDED
Chr02	6722	6726	EDED
Chr02	6726	6730	EDED
Chr02	6730	6734	EDED
Chr02	6734	6738	EDED
Chr02	6738	6742	EDED
Chr02	6742	6746	EDED
Chr02	6746	6750	EDED
Chr02	6750	6754	DEDE
Chr02	6754	6758	DEDE
Chr02	6758	6762	DEDE
Chr02	6762	6766	DEDE
Chr02	6766	6770	DEDE
Chr02	6770	6774	DEDE
Chr02	6774	6778	DEDE
Chr02	6778	6782	DEDE
Chr02	6782	6786	DEDE
Chr02	6786	6790	DEDE
Chr02	6790	6794	DEDE
Chr02	6794	6798	DEDE
Chr02	6798	6802	DEDE
Chr02	6802	6806	DEDE
Chr02	6806	6810	DEDE
Chr02	6810	6814	DEDE
Chr02	6814	6818	DEDE
Chr02	6818	6822	DEDE
Chr02	6822	6826	DEDE
Chr02	6826	6830	DEDE
Chr02	6830	6834	DEDE
Chr02	6834	6838	DEDE
Chr02	6838	6842	DEDE
Chr02	6842	6846	DEDE
Chr02	6846	6850	DEDE
Chr02	6850	6854	DEDE
Chr02	6854	6858	DEDE
Chr02	6858	6862	DEDE
Chr02	6862	6866	DEDE
Chr02	6866	6870	DEDE
Chr02	6870	6874	DEDE
Chr02	6874	6878	DEDE
Chr02	6878	6882	DEDE
Chr02	6882	6886	DEDE
Chr02	6886	6890	DEDE
Chr02	6890	6894	DEDE
Chr02	6894	6898	DEDE
Chr02	6898	6902	DEDE
Chr02	6902	6906	DEDE
Chr02	6906	6910	DEDE
Chr02	6910	6914	DEDE
Chr02	6914	6918	DEDE
Chr02	6918	6922	DEDE
Chr02	6922	6926	DEDE
Chr02	6926	6930	DEDE
Chr02	6930	6934	DEDE
Chr02	6934	6938	DEDE
Chr02	6938	6942	DEDE
Chr02	6942	6946	DEDE
Chr02	6946	6950	DEDE
Chr02	6950	6954	DEDE
Chr02	6954	6958	DEDE
Chr02	6958	6962	DEDE
Chr02	6962	6966	DEDE
Chr02	6966	6970	DEDE
Chr02	6970	6974	DEDE
Chr02	6974	6978	DEDE
Chr02	6978	6982	DEDE
Chr02	6982	6986	DEDE
Chr02	6986	6990	DEDE
Chr02	6990	6994	DEDE
Chr02	6994	6998	DEDE
Chr02	6998	7002	DEDE
Chr02	7002	7006	DEDE
Chr02	7006	7010	DEDE
Chr02	7010	7014	DEDE
Chr02	7014	7018	DEDE
Chr02	7018	7022	DEDE
Chr02	7022	7026	DEDE
Chr02	7026	7030	DEDE
Chr02	7030	7034	DEDE
Chr02	7034	7038	DEDE
Chr02	7038	7042	DEDE
Chr02	7042	7046	DEDE
Chr02	7046	7050	DEDE
Chr02	7050	7054	DEDE
Chr02	7054	7058	DEDE
Chr02	7058	7062	DEDE
Chr02	7062	7066	DEDE
Chr02	7066	7070	DEDE
Chr02	7070	7074	DEDE
Chr02	7074	7078	DEDE
Chr02	7078	7082	DEDE
Chr02	7082	7086	DEDE
Chr02	7086	7090	DEDE
Chr02	7090	7094	DEDE
Chr02	7094	7098	DEDE
Chr02	7098	7102	DEDE
Chr02	7102	7106	DEDE
Chr02	7106	7110	DEDE
Chr02	7110	7114	DEDE
Chr02	7114	7118	DEDE
Chr02	7118	7122	DEDE
Chr02	7122	7126	DEDE
Chr02	7126	7130	DEDE
Chr02	7130	7134	DEDE
Chr02	7134	7138	DEDE
Chr02	7138	7142	DEDE
Chr02	7142	7146	DEDE
Chr02	7146	7150	DEDE
Chr02	7150	7154	DEDE
Chr02	7154	7158	DEDE
Chr02	7158	7162	DEDE
Chr02	7162	7166	DEDE
Chr02	7166	7170	DEDE
Chr02	7170	7174	DEDE
Chr02	7174	7178	DEDE
Chr02	7178	7182	DEDE
Chr02	7182	7186	DEDE
Chr02	7186	7190	DEDE
Chr02	7190	7194	DEDE
Chr02	7194	7198	DEDE
Chr02	7198	7202	DEDE
Chr02	7202	7206	DEDE
Chr02	7206	7210	DEDE
Chr02	7210	7214	DEDE
Chr02	7214	7218	DEDE
Chr02	7218	7222	DEDE
Chr02	7222	7226	DEDE
Chr02	7226	7230	DEDE
Chr02	7230	7234	DEDE
Chr02	7234	7238	DEDE
Chr02	7238	7242	DEDE
Chr02	7242	7246	DEDE
Chr02	7246	7250	DEDE
Chr02	7250	7254	DEDE
Chr02	7254	7258	DEDE
Chr02	7258	7262	DEDE
Chr02	7262	7266	DEDE
Chr02	7266	7270	DEDE
Chr02	7270	7274	DEDE
Chr02	7274	7278	DEDE
Chr02	7278	7282	DEDE
Chr02	7282	7286	DEDE
Chr02	7286	7290	DEDE
Chr02	7290	7294	DEDE
Chr02	7294	7298	DEDE
Chr02	7298	7302	DEDE
Chr02	7302	7306	DEDE
Chr02	7306	7310	DEDE
Chr02	7310	7314	DEDE
Chr02	7314	7318	DEDE
Chr02	7318	7322	DEDE
Chr02	7322	7326	DEDE
Chr02	7326	7330	DEDE
Chr02	7330	7334	DEDE
Chr02	7334	7338	DEDE
Chr02	7338	7342	DEDE
Chr02	7342	7346	DEDE
Chr02	7346	7350	DEDE
Chr02	7350	7354	DEDE
Chr02	7354	7358	DEDE
Chr02	7358	7362	DEDE
Chr02	7362	7366	DEDE
Chr02	7366	7370	DEDE
Chr02	7370	7374	DEDE
Chr02	7374	7378	DEDE
Chr02	7378	7382	DEDE
Chr02	7382	7386	DEDE
Chr02	7386	7390	DEDE
Chr02	7390	7394	DEDE
Chr02	7394	7398	DEDE
Chr02	7398	7402	DEDE
Chr02	7402	7406	DEDE
Chr02	7406	7410	DEDE
Chr02	7410	7414	DEDE
Chr02	7414	7418	DEDE
Chr02	7418	7422	DEDE
Chr02	7422	7426	DEDE
Chr02	7426	7430	DEDE
Chr02	7430	7434	DEDE
Chr02	7434	7438	DEDE
Chr02	7438	7442	DEDE
Chr02	7442	7446	DEDE
Chr02	7446	7450	DEDE
Chr02	7450	7454	DEDE
Chr02	7454	7458	DEDE
Chr02	7458	7462	DEDE
Chr02	7462	7466	DEDE
Chr02	7466	7470	DEDE
Chr02	7470	7474	DEDE
Chr02	7474	7478	DEDE
Chr02	7478	7482	DEDE
Chr02	7482	7486	DEDE
Chr02	7486	7490	DEDE
Chr02	7490	7494	DEDE
Chr02	7494	7498	DEDE
Chr02	7498	7502	DEDE
Chr02	7502	7506	DEDE
Chr02	7506	7510	DEDE
Chr02	7510	7514	DEDE
Chr02	7514	7518	DEDE
Chr02	7518	7522	DEDE
Chr02	7522	7526	DEDE
Chr02	7526	7530	DEDE
Chr02	7530	7534	DEDE
Chr02	7534	7538	DEDE
Chr02	7538	7542	DEDE
Chr02	7542	7546	DEDE
Chr02	7546	7550	DEDE
Chr02	7550	7554	DEDE
Chr02	7554	7558	DEDE
Chr02	7558	7562	DEDE
Chr02	7562	7566	DEDE
Chr02	7566	7570	DEDE
Chr02	7570	7574	DEDE
Chr02	7574	7578	DEDE
Chr02	7578	7582	DEDE
Chr02	7582	7586	DEDE
Chr02	7586	7590	DEDE
Chr02	7590	7594	DEDE
Chr02	7594	7598	DEDE
Chr02	7598	7602	DEDE
Chr02	7602	7606	DEDE
Chr02	7606	7610	DEDE
Chr02	7610	7614	DEDE
Chr02	7614	7618	DEDE
Chr02	7618	7622	DEDE
Chr02	7622	7626	DEDE
Chr02	7626	7630	DEDE
Chr02	7630	7634	DEDE
Chr02	7634	7638	DEDE
Chr02	7638	7642	DEDE
Chr02	7642	7646	DEDE
Chr02	7646	7650	DEDE
Chr02	7650	7654	DEDE
Chr02	7654	7658	DEDE
Chr02	7658	7662	DEDE
Chr02	7662	7666	DEDE
Chr02	7666	7670	DEDE
Chr02	7670	7674	DEDE
Chr02	7674	7678	DEDE
Chr02	7678	7682	DEDE
Chr02	7682	7686	DEDE
Chr02	7686	7690	DEDE
Chr02	7690	7694	DEDE
Chr02	7694	7698	DEDE
Chr02	7698	7702	DEDE
Chr02	7702	7706	DEDE
Chr02	7706	7710	DEDE
Chr02	7710	7714	DEDE
Chr02	7714	7718	DEDE
Chr02	7718	7722	DEDE
Chr02	7722	7726	DEDE
Chr02	7726	7730	DEDE
Chr02	7730	7734	DEDE
Chr02	7734	7738	DEDE
Chr02	7738	7742	DEDE
Chr02	7742	7746	DEDE
Chr02	7746	7750	DEDE
Chr02	7750	7754	DEDE
Chr02	7754	7758	DEDE
Chr02	7758	7762	DEDE
Chr02	7762	7766	DEDE
Chr02	7766	7770	DEDE
Chr02	7770	7774	DEDE
Chr02	7774	7778	DEDE
Chr02	7778	7782	DEDE
Chr02	7782	7786	DEDE
Chr02	7786	7790	DEDE
Chr02	7790	7794	DEDE
Chr02	7794	7798	DEDE
Chr02	7798	7802	DEDE
Chr02	7802	7806	DEDE
Chr02	7806	7810	DEDE
Chr02	7810	7814	DEDE
Chr02	7814	7818	DEDE
Chr02	7818	7822	DEDE
Chr02	7822	7826	DEDE
Chr02	7826	7830	DEDE
Chr02	7830	7834	DEDE
Chr02	7834	7838	DEDE
Chr02	7838	7842	DEDE
Chr02	7842	7846	DEDE
Chr02	7846	7850	DEDE
Chr02	7850	7854	DEDE
Chr02	7854	7858	DEDE
Chr02	7858	7862	DEDE
Chr02	7862	7866	DEDE
Chr02	7866	7870	DEDE
Chr02	7870	7874	DEDE
Chr02	7874	7878	DEDE
Chr02	7878	7882	DEDE
Chr02	7882	7886	DEDE
Chr02	7886	7890	DEDE
Chr02	7890	7894	DEDE
Chr02	7894	7898	DEDE
Chr02	7898	7902	DEDE
Chr02	7902	7906	DEDE
Chr02	7906	7910	DEDE
Chr02	7910	7914	DEDE
Chr02	7914	7918	DEDE
Chr02	7918	7922	DEDE
Chr02	7922	7926	DEDE
Chr02	7926	7930	DEDE
Chr02	7930	7934	DEDE
Chr02	7934	7938	DEDE
Chr02	7938	7942	DEDE
Chr02	7942	7946	DEDE
Chr02	7946	7950	DEDE
Chr02	7950	7954	DEDE
Chr02	7954	7958	DEDE
Chr02	7958	7962	DEDE
Chr02	7962	7966	DEDE
Chr02	7966	7970	DEDE
Chr02	7970	7974	DEDE
Chr02	7974	7978	DEDE
Chr02	7978	7982	DEDE
Chr02	7982	7986	DEDE
Chr02	7986	7990	DEDE
Chr02	7990	7994	DEDE
Chr02	7994	7998	DEDE
Chr02	7998	8002	DEDE
Chr02	8002	8006	DEDE
Chr02	8006	8010	DEDE
Chr02	8010	8014	DEDE
Chr02	8014	8018	DEDE
Chr02	8018	8022	DEDE
Chr02	8022	8026	DEDE
Chr02	8026	8030	DEDE
Chr02	8030	8034	EDED
Chr02	8034	8038	EDED
Chr02	8038	8042	EDED
Chr02	8042	8046	EDED
Chr02	8046	8050	EDED
Chr02	8050	8054	EDED
Chr02	8054	8058	EDED
Chr02	8058	8062	EDED
Chr02	8062	8066	EDED
Chr02	8066	8068	ED
Chr02	8068	8072	DEDE
Chr02	8072	8076	DEDE
Chr02	8076	8080	DEDE
Chr02	8080	8084	DEDE
Chr02	8084	8088	DEDE
Chr02	8088	8092	DEDE
Chr02	8092	8096	DEDE
Chr02	8096	8100	DEDE
Chr02	8100	8104	DEDE
Chr02	8104	8108	DEDE
Chr02	8108	8112	DEDE
Chr02	8112	8116	DEDE
Chr02	8116	8120	DEDE
Chr02	8120	8124	DEDE
Chr02	8124	8128	DEDE
Chr02	8128	8132	DEDE
Chr02	8132	8136	DEDE
Chr02	8136	8140	DEDE
Chr02	8140	8144	DEDE
Chr02	8144	8148	DEDE
Chr02	8148	8152	DEDE
Chr02	8152	8156	DEDE
Chr02	8156	8160	DEDE
Chr02	8160	8164	DEDE
Chr02	8164	8168	DEDE
Chr02	8168	8172	DEDE
Chr02	8172	8176	DEDE
Chr02	8176	8180	DEDE
Chr02	8180	8184	DEDE
Chr02	8184	8188	DEDE
Chr02	8188	8192	DEDE
Chr02	8192	8196	DEDE
Chr02	8196	8200	DEDE
Chr02	8200	8204	DEDE
Chr02	8204	8208	DEDE
Chr02	8208	8212	DEDE
Chr02	8212	8216	DEDE
Chr02	8216	8220	DEDE
Chr02	8220	8224	DEDE
Chr02	8224	8228	DEDE
Chr02	8228	8232	DEDE
Chr02	8232	8236	DEDE
Chr02	8236	8240	DEDE
Chr02	8240	8244	DEDE
Chr02	8244	8248	DEDE
Chr02	8248	8252	DEDE
Chr02	8252	8256	DEDE
Chr02	8256	8260	DEDE
Chr02	8260	8264	DEDE
Chr02	8264	8268	DEDE
Chr02	8268	8272	DEDE
Chr02	8272	8276	DEDE
Chr02	8276	8280	DEDE
Chr02	8280	8284	DEDE
Chr02	8284	8288	DEDE
Chr02	8288	8292	DEDE
Chr02	8292	8296	DEDE
Chr02	8296	8300	DEDE
Chr02	8300	8304	DEDE
Chr02	8304	8308	DEDE
Chr02	8308	8312	DEDE
Chr02	8312	8316	DEDE
Chr02	8316	8320	DEDE
Chr02	8320	8324	DEDE
Chr02	8324	8328	DEDE
Chr02	8328	8332	DEDE
Chr02	8332	8336	DEDE
Chr02	8336	8340	DEDE
Chr02	8340	8344	DEDE
Chr02	8344	8348	EDED
Chr02	8348	8352	EDED
Chr02	8352	8356	EDED
Chr02	8356	8360	EDED
Chr02	8360	8364	EDED
Chr02	8364	8368	EDED
Chr02	8368	8372	EDED
Chr02	8372	8376	EDED
Chr02	8376	8380	EDED
Chr02	8380	8384	EDED
Chr02	8384	8388	EDED
Chr02	8388	8392	EDED
Chr02	8392	8396	EDED
Chr02	8396	8400	EDED
Chr02	8400	8404	EDED
Chr02	8404	8408	EDED
Chr02	8408	8412	EDED
Chr02	8412	8416	EDED
Chr02	8416	8420	EDED
Chr02	8420	8424	EDED
Chr02	8424	8428	EDED
Chr02	8428	8432	EDED
Chr02	8432	8436	EDED
Chr02	8436	8438	ED
Chr02	8438	8442	DEDE
Chr02	8442	8446	DEDE
Chr02	8446	8450	DEDE
Chr02	8450	8454	DEDE
Chr02	8454	8458	DEDE
Chr02	8458	8462	DEDE
Chr02	8462	8466	DEDE
Chr02	8466	8470	DEDE
Chr02	8470	8474	DEDE
Chr02	8474	8478	DEDE
Chr02	8478	8482	DEDE
Chr02	8482	8486	DEDE
Chr02	8486	8490	DEDE
Chr02	8490	8494	DEDE
Chr02	8494	8498	DEDE
Chr02	8498	8502	DEDE
Chr02	8502	8506	DEDE
Chr02	8506	8510	DEDE
Chr02	8510	8514	DEDE
Chr02	8514	8518	DEDE
Chr02	8518	8522	DEDE
Chr02	8522	8526	DEDE
Chr02	8526	8530	DEDE
Chr02	8530	8534	DEDE
Chr02	8534	8538	DEDE
Chr02	8538	8542	DEDE
Chr02	8542	8546	DEDE
Chr02	8546	8550	DEDE
Chr02	8550	8554	DEDE
Chr02	8554	8558	DEDE
Chr02	8558	8562	DEDE
Chr02	8562	8566	DEDE
Chr02	8566	8570	DEDE
Chr02	8570	8574	DEDE
Chr02	8574	8578	DEDE
Chr02	8578	8582	DEDE
Chr02	8582	8586	DEDE
Chr02	8586	8590	DEDE
Chr02	8590	8594	DEDE
Chr02	8594	8598	DEDE
Chr02	8598	8602	DEDE
Chr02	8602	8606	DEDE
Chr02	8606	8610	DEDE
Chr02	8610	8614	DEDE
Chr02	8614	8618	DEDE
Chr02	8618	8622	DEDE
Chr02	8622	8626	DEDE
Chr02	8626	8630	DEDE
Chr02	8630	8634	DEDE
Chr02	8634	8638	DEDE
Chr02	8638	8642	DEDE
Chr02	8642	8646	DEDE
Chr02	8646	8650	DEDE
Chr02	8650	8654	DEDE
Chr02	8654	8658	DEDE
Chr02	8658	8660	DE
Chr02	8660	8664	EDED
Chr02	8664	8668	EDED
Chr02	8668	8672	EDED
Chr02	8672	8676	EDED
Chr02	8676	8680	EDED
Chr02	8680	8684	EDED
Chr02	8684	8688	EDED
Chr02	8688	8692	EDED
Chr02	8692	8696	EDED
Chr02	8696	8700	EDED
Chr02	8700	8704	EDED
Chr02	8704	8708	EDED
Chr02	8708	8712	EDED
Chr02	8712	8716	EDED
Chr02	8716	8720	EDED
Chr02	8720	8724	EDED
Chr02	8724	8728	EDED
Chr02	8728	8732	EDED
Chr02	8732	8736	EDED
Chr02	8736	8740	EDED
Chr02	8740	8744	EDED
Chr02	8744	8748	EDED
Chr02	8748	8752	EDED
Chr02	8752	8756	EDED
Chr02	8756	8760	EDED
Chr02	8760	8764	EDED
Chr02	8764	8768	EDED
Chr02	8768	8772	EDED
Chr02	8772	8776	EDED
Chr02	8776	8780	EDED
Chr02	8780	8784	EDED
Chr02	8784	8788	EDED
Chr02	8788	8792	EDED
Chr02	8792	8796	EDED
Chr02	8796	8800	EDED
Chr02	8800	8804	EDED
Chr02	8804	8808	EDED
Chr02	8808	8812	EDED
Chr02	8812	8816	EDED
Chr02	8816	8820	EDED
Chr02	8820	8824	EDED
Chr02	8824	8828	EDED
Chr02	8828	8832	EDED
Chr02	8832	8836	EDED
Chr02	8836	8840	EDED
Chr02	8840	8844	EDED
Chr02	8844	8848	EDED
Chr02	8848	8852	EDED
Chr02	8852	8856	EDED
Chr02	8856	8860	EDED
Chr02	8860	8864	EDED
Chr02	8864	8868	EDED
Chr02	8868	8872	EDED
Chr02	8872	8876	EDED
Chr02	8876	8880	EDED
Chr02	8880	8884	EDED
Chr02	8884	8888	EDED
Chr02	8888	8892	EDED
Chr02	8892	8896	EDED
Chr02	8896	8900	EDED
Chr02	8900	8904	EDED
Chr02	8904	8908	EDED
Chr02	8908	8912	EDED
Chr02	8912	8916	EDED
Chr02	8916	8920	EDED
Chr02	8920	8924	EDED
Chr02	8924	8928	EDED
Chr02	8928	8932	EDED
Chr02	8932	8936	EDED
Chr02	8936	8940	EDED
Chr02	8940	8944	EDED
Chr02	8944	8948	EDED
Chr02	8948	8952	EDED
Chr02	8952	8956	EDED
Chr02	8956	8960	EDED
Chr02	8960	8964	EDED
Chr02	8964	8968	EDED
Chr02	8968	8972	EDED
Chr02	8972	8976	EDED
Chr02	8976	8980	EDED
Chr02	8980	8984	EDED
Chr02	8984	8988	EDED
Chr02	8988	8992	EDED
Chr02	8992	8996	EDED
Chr02	8996	9000	EDED
Chr02	9000	9004	EDED
Chr02	9004	9008	EDED
Chr02	9008	9012	EDED
Chr02	9012	9016	EDED
Chr02	9016	9020	EDED
Chr02	9020	9024	EDED
Chr02	9024	9028	EDED
Chr02	9028	9032	EDED
Chr02	9032	9036	EDED
Chr02	9036	9040	EDED
Chr02	9040	9044	EDED
Chr02	9044	9048	EDED
Chr02	9048	9052	EDED
Chr02	9052	9056	EDED
Chr02	9056	9060	EDED
Chr02	9060	9064	EDED
Chr02	9064	9068	EDED
Chr02	9068	9072	EDED
Chr02	9072	9076	EDED
Chr02	9076	9080	EDED
Chr02	9080	9084	EDED
Chr02	9084	9088	EDED
Chr02	9088	9092	EDED
Chr02	9092	9096	EDED
Chr02	9096	9100	EDED
Chr02	9100	9104	EDED
Chr02	9104	9108	EDED
Chr02	9108	9112	EDED
Chr02	9112	9116	EDED
Chr02	9116	9120	EDED
Chr02	9120	9124	EDED
Chr02	9124	9128	EDED
Chr02	9128	9132	EDED
Chr02	9132	9136	EDED
Chr02	9136	9140	EDED
Chr02	9140	9144	EDED
Chr02	9144	9148	EDED
Chr02	9148	9152	EDED
Chr02	9152	9156	EDED
Chr02	9156	9160	EDED
Chr02	9160	9164	EDED
Chr02	9164	9168	EDED
Chr02	9168	9172	EDED
Chr02	9172	9174	ED
Chr02	9174	9176	GD
Chr02	9176	9180	EDED
Chr02	9180	9184	GDGD
Chr02	9184	9186	GD
Chr02	9186	9190	EDED
Chr02	9190	9192	GD
Chr02	9192	9194	ED
Chr02	9194	9198	GDGD
Chr02	9198	9202	GDGD
Chr02	9202	9204	GD
Chr02	9204	9208	EDED
Chr02	9208	9210	GD
Chr02	9210	9214	EDED
Chr02	9214	9216	ED
Chr02	9216	9220	GDGD
Chr02	9220	9224	EDED
Chr02	9224	9226	GD
Chr02	9226	9230	EDED
Chr02	9230	9232	ED
Chr02	9232	9236	GDGD
Chr02	9236	9238	ED
Chr02	9238	9240	GD
Chr02	9240	9244	EDED
Chr02	9244	9246	ED
Chr02	9246	9248	GD
Chr02	9248	9252	EDED
Chr02	9252	9254	GD
Chr02	9254	9258	EDED
Chr02	9258	9262	EDED
Chr02	9262	9264	GD
Chr02	9264	9267	FDG
Chr02	9267	9270	FDF
Chr02	9270	9271	E
Chr02	9271	9275	FDFD
Chr02	9275	9285	FGFDFDGDGD
Chr02	9285	9289	FDFD
Chr02	9289	9299	FGFDFDGDGD
Chr02	9299	9302	FDF
Chr02	9302	9304	GD
Chr02	9304	9314	FGFDFDGDGD
Chr02	9314	9318	FDFD
Chr02	9318	9328	FGFDFDGDGD
Chr02	9328	9331	FGF
Chr02	9331	9333	GD
Chr02	9333	9336	FDG
Chr02	9336	9340	GDGD
Chr02	9340	9341	F
Chr02	9341	9342	E
Chr02	9342	9344	GD
Chr02	9344	9346	FG
Chr02	9346	9348	DE
Chr02	9348	9350	GD
Chr02	9350	9352	FG
Chr02	9352	9355	DFG
Chr02	9355	9358	DGD
Chr02	9358	9362	FGFD
Chr02	9362	9364	GF
Chr02	9364	9368	GDGD
Chr02	9368	9372	FGFD
Chr02	9372	9376	GDGD
